min_confidence,min_lift,n_rules,time_s,conf_median,lift_median,lift_max
0.2,1.0,1841,0.020407676696777344,0.43043920391264345,1.4705618543611034,2.6898407867156893
0.2,1.2,1640,0.01881241798400879,0.4320354200769373,1.5062041775812218,2.6898407867156893
0.2,1.5,834,0.018825054168701172,0.4026801174094572,1.6990844445329953,2.6898407867156893
0.3,1.0,1352,0.020970821380615234,0.5494613179813945,1.4494834360103317,2.6898407867156893
0.3,1.2,1220,0.0159151554107666,0.5505222158711058,1.4759368651898561,2.6898407867156893
0.3,1.5,558,0.021494150161743164,0.4695263151318291,1.669492559307454,2.6898407867156893
0.4,1.0,1014,0.018867969512939453,0.62066068075242,1.448008540132389,2.4312255397099554
0.4,1.2,916,0.015442371368408203,0.6211395489942705,1.4760134537642071,2.4312255397099554
0.4,1.5,424,0.017075777053833008,0.5567502126274214,1.6540352918159729,2.4312255397099554
